{"cameraMode":{"drawMode":0,"name":"Shaded","section":"Shading Mode"},"sceneLighting":true,"audioPlay":false,"sceneViewState":{"showFog":true,"showMaterialUpdate":false,"showSkybox":true,"showFlares":true,"showImageEffects":true,"showParticleSystems":true},"in2DMode":false,"pivot":{"x":-15.253002166748047,"y":-37.36107635498047,"z":13.275447845458985},"rotation":{"x":-0.5085479021072388,"y":0.2874922752380371,"z":-0.18500834703445435,"w":-0.7902570962905884},"size":53.12433624267578,"orthographic":false}