{"cameraMode":{"drawMode":0,"name":"Shaded","section":"Shading Mode"},"sceneLighting":true,"audioPlay":false,"sceneViewState":{"showFog":true,"showMaterialUpdate":false,"showSkybox":true,"showFlares":true,"showImageEffects":true,"showParticleSystems":true},"in2DMode":false,"pivot":{"x":-2.866943359375,"y":-1.71044921875,"z":-0.21728515625},"rotation":{"x":0.3572428822517395,"y":-0.3593447208404541,"z":0.1512504518032074,"w":0.8487469553947449},"size":3.521756410598755,"orthographic":true}