{"cameraMode":{"drawMode":0,"name":"Shaded","section":"Shading Mode"},"sceneLighting":true,"audioPlay":false,"sceneViewState":{"showFog":true,"showMaterialUpdate":false,"showSkybox":true,"showFlares":true,"showImageEffects":true,"showParticleSystems":true},"in2DMode":false,"pivot":{"x":-2.319580078125,"y":-1.68798828125,"z":0.31201171875},"rotation":{"x":0.3572428822517395,"y":-0.3593447208404541,"z":0.1512504518032074,"w":0.8487469553947449},"size":3.6877031326293947,"orthographic":true}